,folds,test_auc,val_auc,test_acc,val_acc
0,0,1.0,1.0,0.7333333333333334,1.0
1,1,0.75,1.0,0.7333333333333334,0.7333333333333334
2,2,0.25,1.0,0.2,0.3333333333333333
3,3,0.25,1.0,0.2,0.7333333333333334
4,4,0.75,1.0,0.3333333333333333,1.0
