,folds,test_auc,val_auc,test_acc,val_acc
0,0,0.75,1.0,0.3333333333333333,0.7333333333333334
1,1,0.5,0.75,0.3333333333333333,0.7333333333333334
2,2,0.5,1.0,0.5,0.3333333333333333
3,3,0.25,0.5,0.2,0.3333333333333333
4,4,0.0,1.0,0.3333333333333333,0.3333333333333333
